x
"Minnesota, USA"
"Raleigh, NC"
Southeast of Disorder
"Fort Collins, CO"
United States
"Memphis, TN"
"Howell, MI"
"Battle Creek, Michigan"
"West Allis, WI"
Palmas
SW Missouri
"Clearwater, FL"
"Wichita, Kansas"
"Neosho, Missouri"
"Seattle, WA"
Madagascar
"Rochester, NY"
Outer Space!!
"Boston, MA"
USA
"Wisconsin, USA"
"Lenexa, KS"
The America's.
Dallas OKC
King Williams Town
"Sacramento, CA"
"Salt Lake City, UT"
"Melbourne, FL"
"Bras lia, Brasil"
"Dobrada, Brasil"
San Francisco Bay Area
Brooklyn
Pittsburgh
"Ceres, CA"
The Jersey Shore
"Bryan, TX"
"Biloxi, MS"
"Hershey, PA"
"Findlay, Ohio"
Ceara Brasil
"Oakland County, MI"
"Lancaster, Ohio"
"San Rafael, CA"
Western Region of USA
"Washington, DC"
SE LDN
Utah
Oxfordshire
"Krookyn, NYC"
"East Windsor, NJ"
"Cleveland, OH"
"Michigan, USA"
"Atlanta, GA"
"Laranjeiras, Brasil"
"Edina, MN"
"San Francisco, CA"
"Balch Springs, Tx."
"Aberdeen, SD"
Tyler Texas
"Zeerust and Potchefstroom, SA"
PHL NYC
"Los Angeles, CA"
"Yucaipa, CA"
"Louisville, Ky"
"Ohio, USA"
"Charlotte, NC"
Chicago
"Wisconsin, USA"
"Overijssel, Enschede"
BRONX NEW YORK
"JKT, ID"
"Newark, Ohio"
"Guapimirim, RJ, Brazil"
San Diego
Razorback Mt. Morgan
United States
"Westerville, OH"
"California, USA"
"Tempe, AZ"
"California, USA"
Washington DC
"Oakland, CA"
"East Orange, NJ "
Chicago
Johannesburg
"Eads, Colorado"
"Colorado, USA"
"New Baltimore, MI"
"Northville, MI"
"Novi, MI"
"Lake Orion, MI"
"West Bloomfield, MI"
"Royal Oak, MI"
Bay Area
"Staten Island, NY"
" Tennessee , USA "
"Sacramento, CA"
"Overland Park, KS"
back home
U.S.A
"San Diego, CA"
cool
United States
"Nairobi,Kenya"
"New York, NY"
John Innes Centre Norwich
"Leighton, AL"
"Chicago, IL"
"Margate, FL"
"Louisiana, USA"
"Washington, USA"
"New Jersey, USA"
"Detroit, MI"
"California, USA"
"Sacramento, CA"
Cambridge
"Asheville, NC"
"Los Angeles, CA"
"San Diego, CA"
"Murphysboro, IL"
Louisiana
Quito Ecuador
"Michigan, USA"
"Baton Rouge, LA"
"Port Harcourt, Nigeria"
"Washington, DC"
Texas
"Phoenix, AZ"
"Tulsa, OK"
"St Clair Shores, MI"
"Troy, MI"
"Farmington Hills, MI"
United States
Edge Hill University
"New Jersey, USA"
"Pittsburgh, PA"
Cardiff
"Rivers State, Nigeria."
Rio de Janeiro
New Orleans
"Orange county, CA"
"Ocala, FL"
Genovia
"Spencer, WV"
"Augusta, GA"
"Texas, USA"
"Portland, OR"
"Atlanta, GA"
"Iowa City, Iowa"
"Cleveland, OH"
Jockistan
"Brussels, Belgium"
United States
"Austin, TX"
"Benghazi , Libya."
"Miami, Florida"
"Goldsboro, NC"
"Madison, WI"
"San Francisco, CA"
lagos
"Madison, WI"
New Jersey
"Sherman Oaks, Los Angeles"
Chicago
Taylorsville
"Florida, USA"
"Resistance, USA"
"Orange County, California"
"Orlando, FL"
"iGET around, pay attention."
Rio de Janeiro
United States
Rio de Janeiro
Turtle Island
The Hills of Woodstock...
"Tallahassee, FL"
"Maastrichta, Brasil"
"San Jose, CA"
Rio de Janeiro
"Rock Hill, SC"
"West Coast, USA"
"Rock Hill, SC"
"Seattle, WA"
chicago
"California, USA"
"Charlotte, NC"
New York
The Washington Post
"Rio de Janeiro, Brasil"
United States
USA
SlowTown
"Weslaco, TX"
"Alabama, USA"
"Washington, DC"
"Houston, TX"
"Carson City, NV"
Central and South Alabama
"Texas, USA"
United States
No coracao da Alicy
Chicagoland Sometimes LA?
HAWAII HTX
The winter of our discontent.
Los Angeles
"Denton, TX"
"Houston, TX"
"Northern Illinois, USA"
"Brainerd, MN"
"Seattle, WA"
"Rockwall, TX"
"Macomb, MI"
"Bloomfield Hills, MI"
"Detroit, MI"
"Plymouth, MI"
"Dexter, MI"
"Wyandotte, MI"
"Rochester, MI"
"Fenton, MI"
"Shelby, MI"
"Birmingham, MI"
"Clinton Township, MI"
"Ferndale, MI"
"Berkley, MI"
"Brighton, MI"
"Hartland, MI"
"Chelsea, MI"
"White Lake, MI"
"Dearborn, MI"
"Clawson, MI"
"Saline, MI"
"Grosse Pointe, MI"
Cake's home
North Florida
"Minneapolis, MN"
SoCal
Grand Line
"bangor, me. usa"
"cambe quase Londrina , PR"
"Rio de Janeiro, Brasil"
Macau
NYC
GA
"St Petersburg, FL"
Bunker
Florida
"Utah, USA"
"Massachusetts, USA"
"Plano, TX"
"Atlanta, GA"
"Los Angeles, CA"
"Boston, Massachusetts "
Los Angeles
"Louisiana, USA"
"Washington, DC"
United States
Rio de Janeiro
"High Point, North Carolina"
"Baton Rouge, LA"
"Berkeley, CA"
"Nashville, TN"
Southern California
"Greensboro, NC"
"Philadelphia, PA"
United States
"Palm Springs, CA"
"Jackson, MS "
"Flower Mound, TX"
"Kansas City, KS"
"Virginia, USA"
"Portland, OR"
"Mayfield, NY"
"Chicago, IL"
United States
Las Vegas adjacent
"Chicago, Il."
"Springfield, IL"
"Iowa, United States"
"Ann Arbor, MI"
USA
Western NY
trololandia
"Rockwall, TX"
"New York, NY"
"New Haven, Connecticut, USA"
New Jersey
"Rio Brilhante, Brasil"
"Oklahoma City, Oklahoma"
Southeast
"Lansdowne, VA"
"Oregon, Cascadia, USA"
BRASIL
"Coral Springs, Florida"
"Flushing, MI"
"Michigan, USA"
"Westbury, NY"
Oklahoma
"Rio de Janeiro, Brasil"
"Pennsylvania, USA"
"Commack, NY"
"Virginia, USA"
"Clearwater, FL"
Argentina
"Austin, TX"
"Louisville, KY"
"Columbia, SC"
"Iowa City, IA"
"Clinton, OK"
"Austin, TX"
"Basel City, Switzerland"
"Raleigh, NC USA"
"Yelm, WA"
Brooklyn
"Los Angeles, CA"
"Michigan, USA"
"VA Beach, VA"
new york
Maryland
Palmas TO
"Oakville, ON and Waterloo Region"
"Pennsylvania, USA"
Cuiaba MT
United States
"Rio de Janeiro, Brazil"
"Palmas, Tocantins"
Los Angeles
United States
Puerto Rico
"Scranton, PA "
Los Angeles
Londres
NJ
Northern line
Mansoura
Southern California
Saint Lucia
"Harrisburg, PA"
"McGregor, FL"
Home
"Chicago, IL"
"Atlanta, GA"
"Morgantown, WV"
"Washington, D.C."
"New York, NY"
"DuBois, PA"
"Los Angeles, CA"
Minnesota
"Tennessee ,USA"
"Chicago, IL"
"Washington, D.C."
Texas
Washington D.C.
"Painesville township, ohio"
"Thurrock, Essex"
"Las Vegas, NV USA"
"Rochester, Minn."
Niagara Falls
"Chicago, IL"
"Itabaiana, Brasil"
Chicago
Cambridge
"Rio Grande do Norte, Brazil"
"Baltimore, MD"
"Lexington, KY"
"Acari, Rio de Janeiro"
United States
"Casper, WY"
Casper
"Rio de Janeiro, Brasil"
"Nova Friburgo, Brasil"
"Petropolis, Brasil"
"Osceola, WI"
"San Diego, CA"
United States
Hungary
"Acre, Brazil"
"New York, NY"
"Tolleson, AZ"
"Buffalo, NY"
Na merda
"Gilbert, AZ"
"Miami Beach, Florida"
"Seattle, WA"
"Charlotte, NC"
"Baltimore, MD"
New York City
Jerz
"Noneya, USA"
"jackson, ms"
"Charlotte, NC"
Yorkshire and The Humber
"Richardson, TX"
"Tampa, FL"
 brasil
USA
timon ma
United States
"San Francisco, CA"
United States of America
"St Paul, MN"
"Lynchburg, VA"
©OFFICIAL
"Jefferson, TX"
"Colorado, USA"
the monument to man's arrogance
"Ohio, USA"
growing and grinding
"St. Paul, MN USA"
"Brooklyn, NY"
"Canal Winchester, OH"
"Bristol, CT"
"Rio de Janeiro, Brasil"
Rio de Janeiro
Johannesburg
Kickstand Doing Business.
"Rio Branco, Brazil"
"Rio de Janeiro, Brasil"
"Chapel Hill, NC"
"guatemala ,zacapa"
Motown
Vila Velha ES
crf fcb
darrington wa
"Denton, TX"
"Kilgore, TX"
Swansea
east texas
rated
"Upstate NY, USA"
"Wisconsin, USA"
"Nova Iguacu, Brasil"
"napa valley,ca"
Brasil
Staffordshire | Ibiza | MCR
Manhattan
"New York, NY"
United States
"Heber Springs, AR"
"San Antonio, TX"
"Rio de Janeiro, Brazil"
"Round Rock, TX"
"Los Angeles, CA"
Jersey
Montreal
Honeymoon ave.
"New Jersey, USA"
Across the Universe
"San Francisco, CA"
"Richmond, Va."
"Fort Lauderdale, FL"
"San Diego, CA"
"Washington, DC"
"Pennsylvania, USA"
"Bay Area, CA"
"Sao Paulo, Brasil"
WP
"Kansas, USA"
USA
Southwestern On
"Queens, NY"
Argentina
"Minneapolis, MN"
Washington DC
"Germantown, MD"
Buenos Aires
"Rio Comprido, Rio de Janeiro"
"Clinton County, New York"
San Fransisco
"Stanford, CA"
arizona
NORTHVILLE MICHIGAN
Scarborough
Los Angeles
late night blvd
"Kansas, USA"
"Phoenix, AZ"
"Salt Lake City, Utah"
"Jackson, MS"
"Oregon, USA"
"Los Angeles, CA"
Texas
"Bronx, NY"
"Santa Catarina, Sao Goncalo"
"California, USA"
"Washington, D.C."
"Washington, DC"
"Washington, D.C."
"Rye, Colorado"
"New Jersey, USA"
Johannesburg
USA
Venezuela
Shoreditch of the North
New Jersey
"Atlanta, GA and Charlotte, NC"
University of Delaware
"Georgia, USA"
"West Linn, OR"
"Tucuman, Argentina. "
madddd
"New Jersey, SW Florida"
Rio de Janeiro
Washington DC
"Burbank,ca"
Chicago IL
"Matao, Brasil"
Boston adjacent
"Houston, TX"
"Charlotte, NC"
"Edmonton, Alberta"
"North Carolina, USA"
"Minas Gerais, Brasil"
"San Francisco, CA"
"Windsor, ON"
"FC: Shamsiel, Kyonyuu Fantasy."
FLORIDA
CT
Brazil
On the Crest of a Wave!
"Bras lia, Brasil"
"Seattle, WA"
Yorkshire
Horsford
Equestria
"Bloomington, IN"
University of Kentucky
"Bethlehem, PA"
"New York, NY"
D M {V}
Nigeria
Austin Santa Cec lia
"Pismo Beach, CA"
"Monterrey, Nuevo Leon"
Cerdanyola
"New York, NY"
"Jacarepagua, Rio de Janeiro"
"Philadelphia, PA"
"Inglewood, CA"
"Texas, USA"
"Rio de Janeiro, Brasil"
"Franklin, TN near Nashville"
Azania
United States
"Chattanooga, TN"
the north bay
"Independence Hall, Philadelphia, Pennsylvania "
KU Medical Center
Stockfish California
pequena ingleterra
"San Francisco, California"
Broward
"Indiana, USA"
"Calgary, Alberta"
under a fucking rock
San Francisco
"Rio do Sul, Brasil"
DC USA
"Nashville, TN"
"New Orleans, LA"
"Santa Maria, Brasil"
"Coventry, RI"
"Los Angeles , CA"
"Yorktown, VA"
Ainda esta nesse pa s
mt. diablo
Jersey Girl via PA via Cali
Down the rabbit hole
"Rio de Janeiro, Brasil"
"Houston, TX"
USA
"Amman, Jordan"
Chicago
"Philadelphia, PA"
Los Angeles
twitterland
"California, USA"
Las Vegas
United States
"Temperance, MIchigan"
United States
"Georgia, USA"
"Philadelphia, PA"
"Bangor, Wales"
Illinois
"Kermit, TX"
"Pittsburgh, PA"
"Woodfield, SC"
"Flint, MI"
"West Miami, FL"
Ribeirao Preto
Em algum lugar
NYC NJ
North Carolina
"Sacramento, CA"
"New Orleans, Louisiana, U.S.A"
"Bessemer, AL"
Rio de Janeiro
"Atlanta, GA"
Northern Wastelands
"Philadelphia, PA"
"Gombak, Selangor"
"Brooklyn, NY"
Florida
San Francisco Bay Area
West Andromeda
Des Moines
"Fort Saskatchewan, Alberta"
Las Vegas Nevada USA
"Wichita, Kansas"
"Lake Charles, LA"
"Rock Island, IL"
Rio de Janeiro
"New Jersey"
United State
San Francisco
USA
Sheffield
Probably lurking on twitch
Big Apple and Rural
"Miami, Florida, U.S.A."
United States
Colo. USA
university of delaware
Chick Fil A
"Resende, Brasil"
North Carolina
Monterey County
State of Confusion
"Huntington Beach, CA"
The Steven Suptic Special Univ
Arizona
California ✈ Texas
"Minnesota, USA"
Suisse
the L is actually an i fellas sorry for the confusion
"Richardson, TX"
"Chicago, IL"
"New Jersey US native, not NJ native"
"Home, James"
"Longview, TX"
"Salt Lake City, UT"
United States
"Long Beach, CA"
"Louisiana, USA"
"Tampa, FL"
Warrington
"New York, NY"
"Chicago, IL"
"Rio de Janeiro RJ, Brasil"
"New York, NY"
"Rio de Janeiro, Brasil"
"Long Island, NY"
United States
"Sacramento, Ca"
"Napier, New Zealand"
Sao Paulo
arkansas
New York
"Dallas, TX"
Meridian
"Minnesota, USA"
"Whitemarsh Township, Montco PA"
"Chicago, IL"
Louisiana State University
"Los Angeles, CA"
"Itasca, IL"
At the Ark
Chicago
United States
"Los Angeles, CA"
"Camp Constitution, USA "
Albany NY
"Los Angeles, CA"
"Financial District, Manhattan"
New York
"Nashville, TN"
Pennsylvania
Texas
New York City
Belgium
U.S.
"Roma, Lazio"
Seaford
"Washington, USA"
San Francisco Bay Area
"California, USA"
"Philadelphia, PA"
"Harrisburg, PA"
"Portland, OR"
Florida
"Medell n, Colombia"
"Albany, NY"
"Chicago, IL"
Pittsburgh
"Sugarland Run, VA"
"Bensalem, PA"
RJ
"Arizona, USA"
"Pennsylvania, USA"
Iowa City
"Oregon, USA"
NYC
"Lake County, Ohio"
"Philadelphia, PA"
Rio de Janeiro
"Greater Los Angeles Area, USA"
"Philadelphia, PA"
Dover
"Nilopolis, Brasil"
Defend Pop Punk
s c kansa
"Portland, OR"
Rio de Janeiro
"Fayetteville, AR"
USA
"Oklahoma, USA"
Whales
"Vitoria, Brazil"
United States
"Brooklyn, NY"
"Seattle, WA"
"New York, NY"
Brasil
"Austin, TX"
"Music City, USA"
New Jersey
"Houston, Tx"
"Wichita, KS"
"Las Vegas, NV"
"West Lafayette, IN"
"Omaha, NE"
"Fountain Valley, California"
USA
"Melissa, TX"
Manchester
"Los Angeles, CA"
"Manhattan, NY"
"Pittsburgh, PA"
"New York, NY"
"Macomb, IL"
"New York, NY"
"Orlando, FL, USA"
"Carson City, Nevada"
"Katy, TX, USA"
Muah 
"Flint, MI USA"
LAX AUH DXB MCI
"Washington, DC"
"Indiana, USA"
Kenya
"Phoenix, AZ"
"Northern, CA"
Houston
NYC Jersey City
"Miami, Florida"
California
"Naples, FL"
"Lexington, KY"
"Illinois, USA"
Espana
Ghana Accra Dc
"Burlington, VT"
"Montgomery, Alabama"
"Fort Worth, TX"
United States
"Pittsburgh, PA"
Progressive USA
hzftjddn
"Phoenix, AZ"
Georgia
"Culpeper, VA"
Da Burgh
Corega del Norte
"Lexington, KY"
"Katy, TX"
"Lowkey, Texas "
"Dannemora, NY"
Asaba
the Bay Area
"Maracana, Rio de Janeiro"
"Vermont, USA"
Madina SA
"Philadelphia, PA"
"Duluth, MN"
"Truro, Cornwall"
The City of Angels
"Memphis, TN"
"National City, CA USA"
"Atlanta, GA"
American Redoubt
"Indianapolis, IN"
"Boston, MA"
"Detroit, MI"
"Bolzano, Trentino South Tyrol"
Nairobi
Central New York
"Pennsylvania, USA"
"Deep State, NJ "
Metro Detroit
New Jersey
"New York, NY "
Regina Saskatchewan
Los Angeles
Annapolis MD
"California, USA"
"Pasadena, CA"
descubraaaa
Rustenburg
United States
"Concepcion, Chile"
United States
United States
"Fleetwood, Surrey, BC"
"Marlow, OK"
United States
"Chicago, IL"
johor bharu
"Rio de Janeiro, Brazil"
"Omaha, NE"
"San Diego, CA"
NKRI Tanah Air Tumpah Darahku
Brazil Rio de Janeiro
"Poulsbo, WA"
"Dallas, TX"
Shetland
VA
"San Francisco, CA"
Ba Sing Se
"Tampa, FL"
"Rio de Janeiro, Brasil"
pAris
Getxo Bilbao Quintana MG
United States of America
"Detroit, MI"
"Oregon, USA"
"Brooklyn, New York"
"Chihuahua, Mexico"
"Los Angeles, CA"
Nova Lima MG Brasil
Chicago
"Columbus, OH"
Bedfordshire
"Las Vegas, NV"
San Francisco
CA
TX
"Ithaca, New York"
Tequila
"Lima, OH"
"Headquarters in Fort Worth, TX"
"Philadelphia, PA"
Kansas
New Jersey
"Iriga City, Camarines Sur"
New York City
"Texas, USA"
"Rio de Janeiro, Brazil"
NEBRASKA
United States
Mexico
margaritaville
De nile
"Aliso Viejo, California"
"Tishomingo, Oklahoma"
"Phoenix, AZ"
USA
Massachusetts
"Berkeley, CA"
"Sioux Falls, SD"
Belo Horizonte
Monterrey Nuevo Leon Mexico
"Icara , Niteroi"
Brasil
"Gainesville, FL"
Queenstown
"Jessup, MD"
texas
"Washington, DC"
VA
"Rio de Janeiro, Brasil"
Wath Upon Dearne
"Murfreesboro, TN"
"Bronx, NY"
"Fort Myers and LaBelle, Fl"
"San Francisco, CA"
"Conroe, TX"
"Evergreen Park, IL, Palos Heights, IL, Tinley Park, IL"
"Woodridge, IL"
New York
"Reston, VA"
JKT
"Saraculondres, RJ, Brasil"
"Los Angeles, CA"
"Madison Heights, MI"
Austin
"Champaign, IL"
United States
brasilia
"Long Beach, CA"
"New York, USA"
Cleveland
"Nairobi, Kenya"
United States
United States
New Jersey
Bristol
"Washington, DC"
"Indianapolis, IN"
"California, USA"
"Alpharetta, GA"
"Missouri, USA"
 Cat Metropolis
"Atlanta, GA"
"Tempe, Arizona"
"Boise, ID"
"San Francisco, CA"
Lansing
"Fresno, CA"
"Massapequa, NY"
"Iowa City, IA"
a rabbit hole
"Volta Redonda, Brasil"
"Philadelphia, Pa. USA"
"Miami, FL"
"California, USA"
"Eagle River, AK"
"Irvine, CA"
United States
"Point Lookout, MO"
"New York, NY"
Panama
Silsoe Bedfordshire
"New Hampshire, USA"
Texas
"Tacoma, WA"
"Pekin, IL"
"Austin, Texas"
Loch Ness
United States
na sua
"Portland, Oregon"
Wynantskill NY
"New York, New York"
"Zombie Coast, Helsinki Finland"
"New York, NY"
"Pennsylvania, USA"
"Yucaipa, CA"
"Sutton at Hone, South East"
"Rio de Janeiro, Rio de Janeiro"
United States
"New York, NY"
"Boulder, CO"
Burlington Plattsburgh
"Cincinnati, Ohio, USA"
"Near South Shore, Azeroth"
"Connecticut, USA"
"Indiana, USA"
"Hudson Valley, New York"
USA
"Rio de Janeiro, Brasil"
"District of Columbia, USA"
"Charlotte, NC"
Atlanta
"Texas, USA"
"Martinez, CA"
"Fort Wayne, IN"
Rio de Janeiro
"Fascist State of, America"
Brooklyn to the Bay
"San Diego, CA"
New York City
"Michigan, USA"
"Macuco Rio de Janeiro, Brasil"
Oakland CA
"Atlanta, GA"
"North Carolina, USA"
"Atlanta, GA"
MIDWEST
"Apopka, FL"
"Massachusetts, USA"
Covfefe
USA
"Trento, Trentino South Tyrol"
San Francisco
Wyoming
"Pennsylvania, USA"
"Philadelphia, Pa"
Rio de Janeiro Lisboa
Purple Mountains Majesty
"California, USA"
"Las Condes, Chile"
the back building
"New York, USA"
Florida
"New Orleans, LA Ann Arbor"
"Springfield, MO"
"Palo Alto, CA"
"Wichita Falls, TX"
Brazil
Wonderland
New York State
"Silver Spring, MD"
Darwin ward
"Oregon, USA"
United States
Prairieville La
"Natchez, MS"
peru
"Pennsylvania, USA"
"San Diego, CA"
NY
TEXAS
Indiana
dominicana
"Phoenix, AZ"
Planet Convfefe
"Houston, TX NOLA"
"Chicago, IL"
"Daphne, AL"
"Georgia, USA"
"Grand Rapids, MI"
The Maelstrom
"Sacramento, CA"
USA
"Valenca, Brasil"
"San Jose, CA"
"Boston, MA"
"New York, NY"
miami
"Maryland, USA"
"Oregon, USA"
Cleveland
Brasil
"Tallahassee, FL"
"Palo Alto, CA"
USA
NOLA
"Cheektowaga, NY"
online
"Hartford, CT"
East Tennessee
"Penha Circular, Rio de Janeiro"
"Washington, DC"
"Hospital del Nino, Panama"
"Washington, DC"
"Silver Spring, MD"
"West Palm Beach, FL"
"White Plains, NY"
"Nashville, TN"
"Portland, Maine"
Oklahoma City
"Hollywood, Los Angeles"
Kentucky
brasil
"Reno, NV"
New Orleans
"San Jose, CA"
"Rio das Ostras, Brasil"
"Kaneohe, HI"
"Dong, Pahang"
"Northville, Michigan"
"Lincoln, NE"
"Maryland, USA"
"Oakland, CA"
"South Carolina, USA"
"Sherman Oaks, CA"
"Pensacola, Florida"
"Pelham, AL"
"Massachusetts, USA"
looking for a clearance rack
"Pennsylvania, USA"
"Seattle, WA"
Texas to Vegas
St. Petersburg FL.
Pacific Northwest
"York Haven, PA"
"St Paul, MN"
"Rio de Janeiro, Brazil"
"Wellington Dufferin Guelph, ON"
"Arlington, Va."
"Tennessee, USA"
"California, USA"
"Oregon, USA"
Ohio
"Washington, USA"
"Central Valley, CA"
"Chicago, IL"
"North Miami Beach, Florida"
The Alamo City
Mehmet Akif Ersoy universitesi
"Washington, DC"
"Colorado, USA"
"Austin, TX"
Grumplandia
"Omaha, Nebraska"
United States
"Longmont, CO"
"Birmingham, AL"
"Indiana, USA"
"Austin, Texas"
"Texas, USA"
USA
Southern California
"Murfreesboro, Tennessee"
"Detroit, MI"
"Mage, Brasil"
"Glenwood, MN"
"New York, NY"
Suomi
"Tampa, FL"
"Cherry Point, NC"
"Ann Arbor, Michigan"
"Rio de Janeiro, Brasil"
york via essex
"Tucson, AZ"
"Washington, DC"
"Charlotte, NC"
Dragons Layer
"Rio de Janeiro, Brasil"
"Durham, NC"
United States
"Illinois, USA"
"Fort Collins, CO"
"Connecticut, USA"
"Tampa Bay, Florida"
Central Florida
"Atlanta, GA"
"Jackson, MS"
tarnation
Florida
"MI, USA"
"Arlington, VA"
"Oregon, USA"
"Chatsworth, GA"
"Bettendorf, IA"
"Newtown Square, Pa."
"Newtown Square, Pa."
"Stevens Point, WI"
"Brownsville, TX"
America
"Roseville, CA"
Wisconsin
"South Dakota, Oregon, Arizona"
"Rio de Janeiro, Brasil"
"Napa, CA"
"Long Island,New York"
Probably with Emily
"Charlottesville, VA"
Los Angeles
"Tampa, Florida"
"Denham Springs, LA"
"Fort Myers, FL"
"Mansfield, OH"
"Greensboro, NC"
United States
"Rochester, NY"
Brasil
"Austin, TX"
USA
new bern
New York
Pacific Northwest
"Pittsburgh, Pennsylvania, USA"
"Lake Orion, MI"
"Washington, DC"
"Kansas City, MO"
NYC
"Savannah, GA"
SATX
LA
"Pittsburgh, PA"
"Murray, Kentucky"
cpx faixa de gaza
"Kirkcaldy, Fife"
"Rio de Janeiro, Brasil"
San Francisco
"Brighton, MI"
"Glen Allen, VA"
Central Alabama
"Cleveland, OH"
"New York, USA"
"Berkeley,CA!"
Anderson Sc
"Brooklyn, NY USA"
"Santiago, Chile"
Washington DC
Washington DC
Arkansas
"CA, USA"
"Boston, MA"
NYC
MA
"Clair Mel City, Florida"
"Washington, DC"
"Halifax, Calderdale"
Bath
Rendered Sound Studio NYC
Tshwane
Santa Cruz de Tenerife
Boston
Florianopolis Brasil
"Maryland, USA"
sweet home Alabama
"AJ, Arizona"
"Nashville, TN"
"Antwerpen, België"
ga
New York City
"Brookfield, IL"
Rio de Janeiro RJ
"Tulsa, OK"
"Boston, MA"
"Rogers, Arkansas"
New Hampshire
"Jackson, MS"
"Louisville, KY"
"Salinas, CA"
"Sacramento, CA"
"Des Moines, Iowa"
"Albuquerque, NM, USA"
United States
Los Angeles
"Suwanee, GA"
Johannesburg
"San Diego, CA"
"Ceara, Brazil"
Utah
"Hattiesburg, Mississippi"
"New Orleans, USA"
VER fucking MONT
"Orlando, Florida"
"Arlington, TX"
"Chattanooga, TN"
"Birmingham, AL"
Ohio
Washington State
DC
"Texas, USA"
USA
"Pennsylvania, U.S."
Brasil
"TribeCa, New York"
Duluth MN
"Salvador, Brasil"
"Astatula, FL"
Karlsruhe
"Macon, GA"
"Sarasota, FL"
"Northern, Virginia"
"Charlotte, NC"
"Boscawen, NH"
"Langton Guelph, ON"
"Arlington, VA"
"Waltham, MA"
North West Coast
"Rio de Janeiro, Brasil"
"Midwest, US"
"Indianapolis, IN"
"Versailles,IN "
Palm Beach Gardens FL
"Houston, Texas"
"Rio de Janeiro, Rio de Janeiro"
"Fort Wayne, IN"
"Knoxville, TN"
"Austin, TX"
"Naperville, IL"
Medan
"Seattle, WA"
Rio
Saskatoon
"San Diego, CA"
"Chicago, Illinois"
"Rhine, North Rhine Westphalia"
Rio de Janeiro
"NYC, U.S."
Texas
"Tucson,Az. "
United States
"Colorado, USA"
"St Louis, MO"
"Ohio, USA"
"Orlando, Florida, USA"
"New Haven, CT"
AZ
"Rio de Janeiro, Brazil"
"Lone Tree, CO"
Patriots Nation. Land of GOATS
Michigan
"Missouri, USA"
"Amarillo, TX"
REDNECK WOODS
"Los Angeles, CA"
"Seattle, WA"
"Cape Girardeau, MO USA"
"Toa Baja, PR"
"Birmingham, Alabama "
"Orlando, FL"
The Underground
nyc
yay area
"Sioux Falls, S.D."
cheltenham
desert southwest forever
"Los Angeles, CA"
United States
Atlanta
United States
"New York, NY"
Pennsylvania
"Duluth, MN"
Texas
Stevenage
United States
Cornwall
"Rockville, MD"
"Nashville, TN"
"Washington, D.C."
"Knoxville, TN"
California
USA
Chorley and South Ribble
"Florida, USA"
Estadio das Laranjeiras
The Great State of Kansas
"Oakland, CA"
Neath and Port talbot
United States
"New York, USA"
"Rio de Janeiro, Brasil"
Semi Pro Adult
"Antofagasta, Chile"
"Idaho, USA"
Podunk Floriduh USA
"Rio de Janeiro,Brasil"
"Burlington, Vermont"
New York City
"Emporia, KS"
Valley Forge
"Riverside, CA"
Malaysia
"Nova Iguacu, Brasil"
Los Angeles
"Sausalito, CA"
"Fort Wayne, IN "
Vegas
"Spotsylvania, Virginia"
"Chicago, IL"
Pennsylvania and Ohio
"penang,malaysia"
USA
"Newmarket, Suffolk"
Worcestershire
"Fort Lauderdale, Florida"
"Asheboro, NC"
"Philadelphia, PA"
"New York, NY"
"Middleton, MA"
"Montpelier, VT"
lisboa
Silicon Valley SF
The Valley
"Los Angeles, CA"
"Butte, MT"
"Syracuse, NY"
"New York, NY"
Soweto
"Oklahoma City, OK"
Saint Lucia
"Philadelphia, PA"
"Downey, CA"
"Syracuse, NY"
Alaska
"Alaska, USA"
Oklahoma
"Houston, TX"
Raleigh
"Charleston, WV"
"Worthington, OH"
MASSACHUSETTS
"Bremerton, WA"
"Rio de Janeiro, Brazil"
"Washington, DC"
"Hilliard, OH"
"Teresopolis, Brasil"
"Washington, IL"
Rio de Janeiro
"Rio de Janeiro, Brazil"
New York City
Espana
"Bras lia, Brazil"
"Duncan, British Columbia"
Conceicao da Barra ES
Valencia
"Greenville, OH"
Chicago
"Missouri, USA"
"Worthington, OH"
USA: TX | NM | NY
Great britain
"Chattanooga, TN"
"Eastern US, Pittsburgh"
Florianopolis
Mallorca
Ambrose Asylum
"Nilopolis, RJ"
"Washington, D.C., U.S.A."
"Lafayette, IN"
"Sorrento, Campania"
New York
"Oklahoma City, OK"
Saath waly ghr mein
"Kernersville, NC"
"Brussels, Belgium"
Beijing
"Dallas, Texas"
Blantyre
"Georgetown, De."
"Tallahassee, FL"
"Houston, TX"
"Jakarta Capital Region, Indone"
United States
Kemba’s Locker
"West Chester, Pa."
"North Carolina, USA"
wlw shadow realm
New York
"Tapachula, Chiapas"
"Gambier, OH"
"Fort Wayne, IN"
"Washington, D.C."
"Didsbury, Manchester"
"Denton, TX"
Uitm Shah Alam
"Texas, USA"
"Smut City, USA"
"Dallas Fort Worth, Texas"
Magazine Pages
United States
RU
soccer fields
"Charleston, SC"
"Klang, Selangor"
At home
STL
"Sarawak, Malaysia"
"Columbia, MO"
Shawnee OK
Botswana
United States
Houston
Kappa Delta
"Miami, FL"
"Big Bear, Ca."
"Buffalo, NY"
KL KCH
"Roswell, GA"
"Greenville, SC"
New York
Monterrey
"Franeker, Friesland, NL"
Wiltshire
"Bremerton, WA"
"Texas, USA"
The Holy City of Qatfuhr
"Los Angeles, CA"
"Little Rock, Arkansas"
Jersey
United States
TEXAS
Serra Dourada City
wishanigga woods
"Williamson County, Texas"
Blacksburg
New York
"Albuquerque, NM"
Florida
Brasil
ATL NY
Atlanta North GA
"Jacksonville, FL"
"Michigan, USA"
"Rio Bonito, Brasil"
Gloucestershire
Peru USA
east coast
"Pto. la Cruz, Edo. Anzoategui"
"Palm Beach Gardens, FL"
"Peoria, AZ"
"Kentucky, USA"
TEXAS : D
"Atlanta, GA , Brooklyn NewYork"
New York
"Boston, MA"
Tasik Jogja
Luigi's Mansion
Ceb
"Texas, USA"
"Phoenix, Arizona"
"Florida, USA"
"Delaware, USA"
Suburban Wastelands of Boston
"Sao Paulo, Brazil"
Cornwall
"Jeffersonville, IN"
Kansas
"Padua, Veneto"
"Kansas, USA"
"Philadelphia, Pennsylvania"
delaware
"Bronx, NY"
TX | MN | MA
Bahamas
"Los Angeles, CA"
"Atlanta, GA"
"Nashua, NH"
"Clinton, NJ"
"Prosper, TX"
"Atlanta, GA"
"Tijuca, Rio de Janeiro"
"Rio de Janeiro, Brasil"
Philadelphia
"Charlotte, NC"
"San Francisco, CA"
Western Philadelphia Suburbs
"South Ozone Park, NY"
Chilliwack BC
Wisconsin
Florida
"Louisiana, USA"
Rio de Janeiro
KEY MARIAH
"Calgary, AB"
"Palo Alto, CA"
"Prince Albert, Saskatchewan"
"Raleigh, NC"
Jersey
"Los Angeles, CA"
"Washington, USA"
Nationwide
Faisalabad
Deep South
"Seattle, WA"
"Michigan, USA"
"Long Island, New York"
San Diego
Rio de Janeiro
"New York, NY"
"Dallas, TX"
Bourbon Trail
"Rio de Janeiro, Brasil"
Cape Town Johannesburg
"American Fork, Utah"
Rio de janeiro
"Calgary, Alberta"
Northern VA
Apni Dhun Mein!
"Sandy, UT"
"St Petersburg, FL"
The Supine State
"Rio de Janeiro, Brasil"
NOLA|BR
Rio de Janeiro
"Chicago, IL"
OnlyFans
Vast Early America
"Belo Horizonte, Brasil"
"Rio de Janeiro, Brasil"
JoHustleburg
Short Grass Prairie of WY
Virginia
"Brooklyn, NY"
Washington D.C.
"Louisiana, USA"
"Carnegie, PA"
"Oklahoma City, OK"
Hampton Virginia
Blumpkin United
"Iowa, land of Cows and Corn"
Bandung
"St Augustine, Fl"
Mexico
"St Augustine, FL"
"Portland, Oregon"
"New York, NY"
"Johannesburg, Pietermaritzburg"
Rio de Janeiro
Asteroid belt
"Boston, MA"
"Rio de Janeiro, Brasil"
AbuDhabi UAE
"Oregon, USA"
Indianapolis
Engenho de Dentro
Olaria Rio de Janeiro
Bankoki
PEARL
"Seropedica, Brasil"
"Bethesda, MD"
"Rio de Janeiro, Brasil"
"Jacksonville, Florida, USA"
sc: nataliequigtar
Harare
"Somerville, MA"
Philly to Cleveland
"Washington, DC"
United States
Utah
"Newark, NJ"
"Winston Salem, NC"
"Moroleon, Guanajuato"
"Cleveland, OH"
"New York, USA"
"Rio de Janeiro, Brazil"
dmv nyc
"Winston Salem, NC"
"Columbia, MO"
"Rio de Janeiro, Brasil"
"New York, NY"
"Chicago, IL"
"Rio das Ostras, Brasil"
"Syracuse, NY"
"Sao Jose, Florianopolis"
Rio de Janeiro
"Baton Rouge, LA"
"Austin, TX"
"Norwalk, CT"
thessaloniki
"Texas, USA"
"Greenville, SC"
Dorset
Tis
"Klang, Selangor"
"Morrison, IL"
"Brooklyn, NY"
"Manhattan, NY"
"Friendswood, TX"
Rivendale
Nottingham
"Minnesota, USA"
Colorado
Indy
"ATL, GA"
"Syracuse, NY"
"Los Angeles, CA"
texas
"Rio de Janeiro, Brasil"
"Lakewood, OH"
"Chicago, IL"
"Texas, USA"
"New York, NY"
"Toms River, NJ"
"Lacey, WA"
"Phoenix, AZ"
Philly
Rio de Janeiro
"Seattle, WA"
"Chicago, IL USA"
"Curitiba, PR"
nj sagittarius
"Frederico Westphalen, Brasil"
"Duque de Caxias, Brasil"
The Den
"Pittsburgh, PA"
"Columbia, TN"
"Manila, Philippines "
"Lusaka, Zambia"
RJ
"Naperville, IL"
Rio de Janeiro
United States
"Colchester, CT"
"Los Angeles County, CA, USA"
"New York, NY"
"Chicago, IL"
"Prospect, NC"
Upstate NY
"Naperville, IL"
"Garland, TX"
"Jackson Missouri, USA"
United States
"Rio Bonito, Brasil"
"Los Angeles, CA"
VA
Miami New York LA
"Appleton, Wisconsin"
Joinville SC
IMG Academies
Carangs city
"Greenwood, SC"
"Solihull, West Midlands"
Out of the Box
"Manaus, Brasil"
"New York, NY"
"Sao Paulo, Brasil"
"Edmond, OK"
Queen
"Dublin, OH"
"Bronx, New York"
"Ozone Park, Queens"
probably w cesar
"Jakarta Pusat, DKI Jakarta"
"Santiago, Chile"
"Ceilândia, Bras lia"
Parliament Hill
THE PI
"Los Angeles, CA"
Between Sarcasm and Cynicism
Wisco
"Virginia Beach, VA"
"Houston, TX"
"Dallas, TX"
"Manhattan, NY"
"New York, NY"
"New York, NY"
Lion City
USA
the mile hi city
NYC
Dublin
"Alabama, USA"
depok city
Dateline: Saint Louis
"Lawrence, Kansas, U.S.A."
"Pennsylvania, USA"
"Savannah, GA"
"Buffalo, NY"
"Centre, Alabama"
The Queen City
Pennsylvania
"Sacramento, CA"
"Louisiana, USA"
"Washington, DC"
"Camp Hill, PA"
"Stamford, CT"
Illinois
"Pittsburgh, PA"
"Melbourne, FL"
Land of the Brave
"Springfield, MO"
"Knoxville, TN"
"Boston, MA"
"Pomona, California"
"Lawrence, KS"
"Kansas City, MO IU"
United States
"Geneva, IL"
Manilha
Magical Kingdom of OZ asco
Central Iowa
Redneck Social Club
"Lawrence, Kan."
"Philadelphia, PA, USA"
"Houston, Texas "
"Orlando, FL"
"Portland, OR"
"Beacon Hill, Boston"
Rio de janeiro
"Naples ,Fl"
"Rio de Janeiro, Brasil"
"Cleveland, Ohio"
"Rio de Janeiro, Curicica"
Florida
"Tulsa, Okla."
"Orlando, Fl."
"Cleveland, OH"
cyberspace
Setor Sul Maracana TYF ❤
Virginia Michigan
North carolina
"Boston, MA"
"Sarasota, FL"
"Philadelphia, PA"
Houston
parque dos pr ncipes
"West Chester, OH"
"Carson, CA"
"Lynchburg, VA, USA"
Santiago
Enfield Tennis Academy
NWAS
"San Francisco, CA"
Town of Ponce Inlet Florida
"Sao Paulo, Brazil"
"Texas, USA"
Otra parte
California
"Colorado, USA"
"Texas, USA"
"Folesadelphia, Wentzsylvania"
"Illinois, USA"
Los Angeles
"Boston, MA"
"Rio de Janeiro, Brasil"
"New Haven, CT"
"Buffalo, NY"
"Montreal, Quebec"
"Sacramento,"
FL
"Durango, Mx"
"Memphis, Tennessee"
Greater Boston Area
"Wichita, Ks"
"Thomasville, GA"
Santiago Metropolitan Region
"Houston, TX"
"Baltimore, MD"
Cape Coral
"Memphis, TN, USA"
"Santiago, Chile"
"Resplendor, Brasil"
South Dakota
"Chamois city, MO, USA"
Hollywood
"California, USA"
"Texas, USA"
M town
"Charlottesville, VA"
"Houston, TX"
Araruama
"Chicago, IL"
United States
Washburn University
The Garden State
"Belo Horizonte, Brasil"
Nottingham
Philippines
"Rio de Janeiro, Brasil"
"Atlanta, GA"
"Houston, TX"
loneliness better than bad co.
"Atlanta, Georgia"
Indianapolis
"California, USA"
"Windsor, CT"
East Coast
bengaluru
PG Chillin
"Rio de Janeiro, Brasil"
"Naugatuck, CT"
"New York, NY"
"Kota Kinabalu, Sabah"
Brazil
"Michigan, USA"
"Tucson, AZ"
"Alice Springs, Northern Territory"
Brasil
"Missouri, USA"
MYOB
"Memphis, TN"
"Livonia and Southfield, MI"
"Millersville, PA"
na sua mente
"Dover, OH"
Michigan ‍♀️
"Sabah, Malaysia"
"San Diego, CA"
MUSCAT
New York City
"Staunton, VA"
Jamaica
Southwest Georgia
"Chapel Hill, North Carolina"
"Wayne, Pa"
Chicago
"Jonesboro, AR"
"Durham, NC"
New Jersey
"Chico, CA"
"Rio de Janeiro, Brasil"
"Kansas City, MO"
United States
"Hickory Hills, IL"
"Maringa, Parana"
"New York, USA"
The States
"Grand Rapids, MI"
"Jakarta Barat, DKI Jakarta"
"Charlotte, NC"
"Glendale, CA"
RJ
"Princeton, N.J."
"White Plains, MD"
NYC
"Atlanta, GA"
"Washington, DC"
"Maryland, USA"
Milton Keynes
"Houston, TX"
"Lubbock, TX"
"Llandudno, Wales"
Helsinki
"Rio de Janeiro, Brazil"
Visconde do Rio Branco
Delaware USA
Rio de Janeiro
"San Francisco, CA"
Kensington Palace
Bedfordshire
Texas
"Laurel, MD"
Belo Horizonte
East Lancashire
"Santiago, Chile"
Santiago
Latvia
"Miami, FL"
"Rio de Janeiro, Brazil"
"Sunrise, FL"
Chicago
Columbus Dayton
"Mariposa, California"
"Bath, MI"
"Charlottesville, VA"
Mexico
Detroit
Minneapolis
"Illinois, USA"
Bras lia Brasil
Bournemouth
"Santiago, Chile"
California
United States
"Santiago, Chile"
Sovereign Space
Cambridge
Rio de Janeiro
"Chicago, IL"
"GWEN, BRYCE, LENA, GAL"
Jakarta Capital Region
Mexico
Brasil
"Santa Monica, CA"
D.C. Capitol Hill
MEMPHIS TN
"Pendleton, IN"
"Gorham, ME"
"Beverly Hills, CA"
"Rolla, MO"
Aparecida de Goiânia GO
"Arizona, USA"
South West
Munchen
East Kent
"Enterprise, AL"
Kota Bandung
"Kentucky, USA"
"Houston, TX"
Native daughter of CLE
Connecticut
GAUTENG
"Richmond, VA "
"New York, USA"
"Houston, TX"
"Bangkok, Thailand"
"New York, NY"
Texcoco Dead Home City
riding with the mob
"Shippensburg,Pa."
"Texas, USA"
Cape Town
"Santa Rosa, CA"
San Francisco
New Orleans
"Atlanta, GA"
Aggersville Gloucester
"Houston, TX"
Belo Horizonte
Belo Horizonte
"Missouri, USA"
"McLean, VA and Bedford, MA"
Redacao BH
"Texas, USA"
"Indianapolis, IN"
"CT, Pedro Antônio "
"Buffalo, New York"
"Buffalo, NY"
"New York, USA"
The Infinite Forest
Michigan
"Hasselt, Belgium"
Radtown
"Tama, IA"
"Charlotte, NC"
USA
roundsomebloods
"Carrollton, GA"
Connecticut
Kimulot
Manchester
"Chicago, IL"
"Sao Paulo, Brasil"
"Dixon, CA"
Texas
Brunei
"Melbourne, Victoria"
United States
"Sudbury, Suffolk"
"Fall River, MA"
"Cordovil, Rio de Janeiro"
"Rio Branco, Brazil"
"Vienna, Austria"
"Columbia, MO"
"Rio de Janeiro, Brasil"
Maryland
"Columbia, SC, USA"
"Aspen, CO"
gallifrey
Ashburn
"Haltom City,TX"
United States
"Cardiff, Wales"
nyc
"Loomis, CA"
"Pennsylvania, USA"
"Georgia, USA"
"Knoxville, Tenn."
Alegrete RS
"Norfolk, VA"
"Toms River, NJ"
"Des Moines, IA"
Rio de Janeiro
"Minneapolis, MN"
"Washington, DC"
WI
Cavite
Derbyshire
Dublin
Canberra
United States
Johannesburg
"Kenosha, WI"
"Vienna, Austria"
California I think
"Lenexa, Kansas"
"Westport, CT"
"Mountain View, California, USA"
Belgium
rio de janeiro
The Valley
"Peoria, IL, USA"
Gotham
"Charlotte, NC"
Brasil
Chicago
Lancaster
"Itagua , Brasil"
"San Giovanni Ilarione, Veneto"
Ceara
New York
"Palm Beach, Florida"
Between Vermont and Figueroa
"Hartford, CT"
United States
Heliopolis Bahia
"McAllen, TX"
"Houston, TX"
"Lebanon, NH"
"New Hampshire, USA"
Lebanon
"Grossos RN, Brasil"
"Meier, Rio de Janeiro"
Raleigh Nc
"Virginia, USA"
"New York, NY"
"Phnom Penh, Cambodia"
"Washington, DC"
"Florida, USA"
"Blanytre, Malawi"
"Kennesaw, GA"
"Clewiston, Florida "
"Clewiston, FL"
"Jersey, Channel Islands"
New York
"Taguatinga York City, DF Brazil"
Puerto Rico
Hayden AL
Staffordshire
South Wales
caxias city
"Lagos, Nigeria"
The Pleiades
Santiago Chile
"Oklahoma, USA"
"Los Angeles, CA"
West Tennessee
MacLaren's Pub.
Santiago Bernabeu
"Indianapolis, IN"
"Tennessee, USA"
"Bend, OR"
"Quito, Ecuador"
"Michigan, USA"
Philly
"Oswego, IL"
California
Bangladesh
Miami
"Marietta, GA "
Indiana Colorado Florida
Philadelphia
NOLA
"Sao Joao de Meriti, Brasil"
New Orleans
"Minas Gerais, Brazil"
"Melbourne, FL"
Cd. Juarez Chihuahua Mexico
Mex
"Philadelphia, PA"
Eternia
Puerto Rico
Mage
Benoni
"Florida, USA"
Faixa de Gaza RS
Morro do Barbante Ilha
"Tanque, Rio de Janeiro"
"Waterloo, ON"
Pretoria
"Norfolk, VA"
Ohio
"Porto Alegre, Brazil"
"Chicago, IL"
United States
"The Cotswolds, Gloucestershire"
Jeddah
P'town
"Alvorada, RS"
"Iringa, Tanzania"
"Baltimore, MD"
United States
North Okanagan
"Poa Rio Grande do Sul, Brasil"
"Cottonwood,Alabama"
"Memphis, TN"
"Greenwich, CT"
"Merthyr Tydfil, Wales"
"KC, MO"
"New York, NY"
